id,gender,birthday,grade,region,last_visited
1,М,02.11.2007,9.0,Город Санкт-Петербург,23.08.2023 03:04:14
2,Ж,29.01.2009,8.0,Город Москва,07.09.2023 09:21:35
3,М,09.05.2007,,Город Санкт-Петербург,23.08.2023 18:32:18
4,Ж,27.09.2007,9.0,Город Москва,18.08.2023 07:34:11
5,Ж,04.08.2007,,Город Москва,02.09.2023 18:31:30
6,Ж,08.11.2009,7.0,Город Москва,03.09.2023 03:14:22
7,М,01.05.2007,10.0,Краснодарский край,22.08.2023 20:00:45
8,М,27.11.2009,7.0,Город Москва,21.08.2023 19:39:19
9,Ж,04.06.2009,8.0,Нижегородская область,05.09.2023 02:00:24
10,Ж,28.09.2009,7.0,Город Москва,10.09.2023 04:36:52
11,М,10.04.2007,10.0,Новосибирская область,08.09.2023 02:15:00
12,М,12.03.2010,7.0,Город Санкт-Петербург,04.09.2023 06:31:39
13,Ж,03.05.2007,10.0,Краснодарский край,11.09.2023 22:44:16
14,М,28.01.2007,10.0,Краснодарский край,05.09.2023 15:56:28
15,М,12.06.2007,10.0,Краснодарский край,31.08.2023 14:24:41
16,М,08.11.2007,9.0,Город Москва,20.08.2023 07:59:09
17,М,05.12.2008,8.0,Краснодарский край,07.09.2023 03:37:51
18,М,10.04.2007,10.0,Город Санкт-Петербург,16.08.2023 08:21:25
19,М,15.02.2010,7.0,Город Санкт-Петербург,05.09.2023 03:41:13
20,М,13.09.2007,9.0,Город Москва,12.09.2023 17:12:48
21,М,02.08.2008,,Город Москва,14.08.2023 18:14:55
22,Ж,19.05.2007,10.0,Город Москва,01.09.2023 05:22:16
23,М,29.11.2008,,Краснодарский край,07.09.2023 22:09:24
24,М,03.01.2009,8.0,Город Москва,23.08.2023 08:07:46
25,Ж,21.10.2006,10.0,Город Санкт-Петербург,28.08.2023 16:19:28
26,М,12.03.2010,7.0,Город Москва,29.08.2023 14:19:11
27,Ж,12.02.2009,8.0,Город Москва,25.08.2023 05:53:13
28,М,20.01.2010,7.0,Город Москва,02.09.2023 21:42:59
29,Ж,06.12.2006,10.0,Город Санкт-Петербург,10.09.2023 23:57:24
30,Ж,16.06.2010,7.0,Город Санкт-Петербург,23.08.2023 13:54:26
31,М,21.03.2010,7.0,Город Санкт-Петербург,06.09.2023 15:13:28
32,Ж,08.04.2008,9.0,Город Москва,30.08.2023 03:58:47
33,М,13.12.2009,,Город Москва,21.08.2023 07:08:09
34,М,11.04.2009,8.0,Город Москва,25.08.2023 17:43:47
35,М,29.02.2008,9.0,Город Москва,26.08.2023 13:55:02
36,Ж,20.02.2009,8.0,Город Санкт-Петербург,26.08.2023 22:21:25
37,Ж,04.10.2008,,Нижегородская область,10.09.2023 02:28:13
38,Ж,08.10.2006,10.0,Город Москва,11.09.2023 18:20:29
39,Ж,12.02.2008,9.0,Город Москва,06.09.2023 00:52:41
40,М,11.11.2006,10.0,Нижегородская область,07.09.2023 05:09:28
41,М,17.03.2009,8.0,Новосибирская область,21.08.2023 03:44:59
42,Ж,13.04.2008,9.0,Город Санкт-Петербург,16.08.2023 16:25:45
43,М,03.11.2008,8.0,Город Москва,26.08.2023 18:40:07
44,Ж,08.10.2006,10.0,Краснодарский край,17.08.2023 09:08:57
45,Ж,26.05.2010,7.0,Город Санкт-Петербург,18.08.2023 02:34:02
46,М,18.07.2010,7.0,Нижегородская область,26.08.2023 17:42:10
47,Ж,27.12.2007,9.0,Город Москва,11.09.2023 10:01:27
48,Ж,03.08.2007,,Новосибирская область,09.09.2023 06:29:41
49,М,05.08.2010,7.0,Город Москва,06.09.2023 02:17:41
50,М,28.03.2010,7.0,Город Москва,06.09.2023 05:35:11
51,Ж,19.09.2007,,Город Москва,06.09.2023 22:46:40
52,М,28.01.2008,9.0,Новосибирская область,30.08.2023 10:08:59
53,Ж,11.02.2007,10.0,Новосибирская область,18.08.2023 18:24:55
54,Ж,24.04.2009,8.0,Город Москва,31.08.2023 17:39:40
55,М,18.03.2008,9.0,Город Москва,18.08.2023 02:54:17
56,Ж,24.03.2008,,Город Москва,15.08.2023 04:46:07
57,Ж,22.02.2009,8.0,Город Санкт-Петербург,30.08.2023 09:16:24
58,Ж,16.06.2007,,Краснодарский край,03.09.2023 16:26:17
59,М,19.06.2007,10.0,Нижегородская область,03.09.2023 07:37:57
60,Ж,14.04.2008,9.0,Город Санкт-Петербург,30.08.2023 09:33:33
61,М,09.04.2008,9.0,Город Санкт-Петербург,25.08.2023 13:42:40
62,Ж,22.04.2010,,Город Москва,28.08.2023 07:20:17
63,М,03.06.2007,,Город Москва,05.09.2023 17:02:32
64,М,10.07.2010,7.0,Город Санкт-Петербург,07.09.2023 13:24:52
65,Ж,02.02.2009,,Город Москва,29.08.2023 12:15:41
66,М,07.02.2007,10.0,Новосибирская область,12.09.2023 16:15:38
67,Ж,29.04.2008,9.0,Город Москва,01.09.2023 18:53:23
68,Ж,09.05.2010,7.0,Город Москва,02.09.2023 20:15:22
69,Ж,07.05.2008,,Город Москва,15.08.2023 18:39:56
70,М,07.04.2009,8.0,Город Москва,03.09.2023 08:57:06
71,М,28.07.2010,7.0,Город Москва,23.08.2023 14:44:06
72,Ж,29.01.2007,10.0,Краснодарский край,24.08.2023 19:13:30
73,Ж,10.05.2009,8.0,Город Москва,05.09.2023 05:52:35
74,М,11.08.2009,8.0,Город Москва,28.08.2023 06:29:47
75,М,05.02.2009,8.0,Город Москва,09.09.2023 07:34:33
76,Ж,24.11.2007,9.0,Нижегородская область,24.08.2023 18:30:43
77,М,04.08.2009,8.0,Новосибирская область,15.08.2023 14:03:46
78,М,12.05.2009,8.0,Город Москва,06.09.2023 18:34:21
79,Ж,22.03.2007,10.0,Нижегородская область,07.09.2023 08:33:54
80,Ж,04.08.2008,9.0,Город Москва,31.08.2023 02:54:06
81,М,02.04.2008,9.0,Город Санкт-Петербург,30.08.2023 07:54:26
82,Ж,10.02.2009,8.0,Город Москва,07.09.2023 13:09:39
83,Ж,24.03.2009,8.0,Город Москва,22.08.2023 16:32:03
84,Ж,12.07.2009,,Город Москва,12.09.2023 05:46:39
85,Ж,03.02.2007,,Город Москва,22.08.2023 14:15:01
86,М,29.05.2008,9.0,Город Санкт-Петербург,31.08.2023 22:50:44
87,М,07.01.2007,10.0,Город Москва,07.09.2023 19:22:25
88,М,30.07.2008,9.0,Город Санкт-Петербург,20.08.2023 23:54:56
89,М,22.01.2007,,Краснодарский край,22.08.2023 06:54:10
90,М,22.10.2008,8.0,Новосибирская область,17.08.2023 05:47:28
91,Ж,11.12.2009,7.0,Новосибирская область,23.08.2023 19:18:56
92,Ж,27.09.2006,10.0,Нижегородская область,24.08.2023 16:21:40
93,М,15.01.2010,7.0,Город Москва,09.09.2023 18:14:03
94,Ж,28.02.2010,7.0,Краснодарский край,06.09.2023 15:16:54
95,Ж,31.08.2008,9.0,Город Санкт-Петербург,20.08.2023 14:13:43
96,Ж,15.07.2010,7.0,Город Москва,05.09.2023 06:43:54
97,Ж,25.06.2009,,Новосибирская область,05.09.2023 19:14:43
98,М,05.03.2009,8.0,Город Москва,22.08.2023 12:59:53
99,Ж,09.08.2010,7.0,Город Санкт-Петербург,10.09.2023 05:12:38
100,Ж,04.02.2007,10.0,Город Москва,25.08.2023 03:31:30
101,М,15.06.2009,,Город Москва,24.08.2023 08:12:40
102,М,23.10.2009,7.0,Новосибирская область,24.08.2023 17:42:32
103,Ж,11.01.2009,8.0,Город Москва,05.09.2023 03:08:09
104,М,19.05.2010,7.0,Город Москва,23.08.2023 08:03:37
105,М,15.01.2010,7.0,Город Москва,19.08.2023 09:05:01
106,М,13.05.2009,8.0,Город Москва,21.08.2023 17:08:36
107,Ж,01.01.2007,10.0,Город Москва,25.08.2023 06:03:47
108,Ж,10.07.2010,7.0,Город Москва,19.08.2023 13:20:38
109,Ж,16.05.2010,7.0,Город Санкт-Петербург,22.08.2023 02:16:10
110,М,03.08.2007,10.0,Город Санкт-Петербург,18.08.2023 02:59:35
111,Ж,30.08.2009,8.0,Город Москва,12.09.2023 16:59:46
112,Ж,29.07.2009,,Город Москва,23.08.2023 21:24:31
113,Ж,27.08.2008,9.0,Город Москва,23.08.2023 13:57:36
114,М,18.08.2009,8.0,Краснодарский край,17.08.2023 03:24:25
115,Ж,14.08.2007,,Город Санкт-Петербург,22.08.2023 06:05:01
116,Ж,12.09.2007,10.0,Новосибирская область,05.09.2023 15:08:15
117,Ж,13.12.2009,7.0,Город Москва,12.09.2023 17:57:56
118,Ж,14.09.2007,,Город Санкт-Петербург,09.09.2023 17:27:50
119,М,16.01.2009,8.0,Нижегородская область,25.08.2023 15:35:01
120,Ж,04.10.2006,10.0,Город Москва,02.09.2023 18:14:39
121,М,11.06.2008,9.0,Город Санкт-Петербург,09.09.2023 10:02:10
122,Ж,24.01.2009,,Город Санкт-Петербург,23.08.2023 13:04:17
123,М,30.03.2007,10.0,Краснодарский край,26.08.2023 10:03:52
124,Ж,02.11.2008,8.0,Новосибирская область,03.09.2023 13:28:16
125,М,05.05.2007,10.0,Город Москва,16.08.2023 09:52:09
126,М,29.09.2006,10.0,Город Москва,29.08.2023 22:04:13
127,М,19.09.2009,,Новосибирская область,06.09.2023 01:27:08
128,М,31.08.2010,7.0,Краснодарский край,06.09.2023 16:49:31
129,М,31.01.2010,7.0,Город Москва,09.09.2023 15:09:37
130,М,13.05.2007,10.0,Город Москва,01.09.2023 11:49:56
131,М,09.03.2010,7.0,Город Москва,04.09.2023 18:33:53
132,М,22.07.2008,9.0,Новосибирская область,09.09.2023 16:41:39
133,М,11.02.2008,9.0,Город Москва,10.09.2023 14:52:20
134,Ж,14.12.2009,7.0,Краснодарский край,04.09.2023 21:01:05
135,М,23.10.2008,,Город Санкт-Петербург,28.08.2023 11:36:44
136,М,14.02.2007,10.0,Нижегородская область,20.08.2023 01:44:27
137,Ж,30.03.2010,7.0,Краснодарский край,03.09.2023 02:17:47
138,Ж,26.11.2006,10.0,Нижегородская область,26.08.2023 08:51:23
139,Ж,24.07.2008,9.0,Нижегородская область,08.09.2023 21:35:02
140,М,13.08.2009,8.0,Город Москва,28.08.2023 19:01:07
141,Ж,19.10.2008,,Город Москва,11.09.2023 12:56:30
142,М,07.05.2008,9.0,Город Санкт-Петербург,10.09.2023 11:41:01
143,М,24.05.2008,9.0,Краснодарский край,05.09.2023 13:03:05
144,Ж,28.04.2009,8.0,Город Москва,17.08.2023 06:02:08
145,М,19.12.2006,10.0,Город Москва,18.08.2023 11:57:19
146,Ж,10.02.2007,10.0,Город Москва,26.08.2023 21:14:39
147,Ж,16.06.2009,8.0,Город Санкт-Петербург,16.08.2023 07:01:36
148,М,14.07.2007,10.0,Город Москва,14.08.2023 07:33:28
149,М,17.07.2007,10.0,Город Санкт-Петербург,22.08.2023 06:13:56
150,Ж,11.08.2010,7.0,Город Санкт-Петербург,15.08.2023 00:42:27
151,М,27.12.2009,7.0,Краснодарский край,16.08.2023 14:01:22
152,М,03.03.2009,8.0,Город Москва,15.08.2023 00:00:20
153,Ж,02.02.2009,8.0,Новосибирская область,04.09.2023 10:03:29
154,М,05.11.2009,,Город Москва,16.08.2023 08:50:24
155,М,12.03.2007,,Нижегородская область,31.08.2023 20:46:52
156,Ж,08.12.2007,,Город Москва,14.08.2023 14:34:56
157,Ж,24.11.2008,8.0,Город Москва,20.08.2023 16:38:03
158,М,07.10.2009,7.0,Город Москва,01.09.2023 17:56:11
159,М,29.05.2007,10.0,Город Москва,22.08.2023 13:18:28
160,Ж,24.04.2007,,Город Москва,14.08.2023 06:32:59
161,М,09.04.2009,8.0,Новосибирская область,01.09.2023 12:45:41
162,М,11.08.2009,8.0,Нижегородская область,24.08.2023 02:24:16
163,М,23.10.2008,8.0,Новосибирская область,27.08.2023 16:12:56
164,М,21.06.2009,,Город Москва,30.08.2023 08:25:21
165,М,06.06.2008,9.0,Город Санкт-Петербург,22.08.2023 02:58:34
166,М,28.07.2007,10.0,Город Москва,21.08.2023 10:11:34
167,Ж,03.01.2008,,Город Москва,30.08.2023 19:23:47
168,М,27.02.2008,9.0,Город Санкт-Петербург,16.08.2023 16:14:03
169,Ж,21.10.2006,10.0,Город Москва,17.08.2023 15:24:19
170,М,03.01.2010,7.0,Город Москва,05.09.2023 08:20:31
171,Ж,16.02.2010,7.0,Город Москва,19.08.2023 05:24:40
172,М,16.06.2008,9.0,Город Санкт-Петербург,14.08.2023 23:55:05
173,Ж,17.05.2008,9.0,Новосибирская область,16.08.2023 10:31:24
174,М,16.05.2008,9.0,Новосибирская область,21.08.2023 23:28:30
175,М,09.11.2008,8.0,Город Москва,03.09.2023 07:29:34
176,Ж,21.04.2009,,Краснодарский край,16.08.2023 14:33:55
177,М,17.12.2008,,Краснодарский край,30.08.2023 22:04:03
178,Ж,14.05.2009,8.0,Город Санкт-Петербург,19.08.2023 11:28:14
179,Ж,18.06.2008,,Город Москва,22.08.2023 11:29:25
180,Ж,15.06.2008,9.0,Город Москва,28.08.2023 13:48:00
181,М,19.08.2008,9.0,Город Москва,26.08.2023 23:37:08
182,М,12.09.2009,8.0,Город Санкт-Петербург,22.08.2023 22:11:10
183,Ж,26.06.2008,9.0,Город Москва,05.09.2023 22:27:31
184,Ж,06.04.2007,10.0,Новосибирская область,01.09.2023 23:02:26
185,Ж,17.12.2009,7.0,Город Москва,19.08.2023 22:38:38
186,Ж,23.06.2008,9.0,Город Санкт-Петербург,28.08.2023 05:26:00
187,М,27.05.2009,8.0,Город Санкт-Петербург,15.08.2023 21:30:28
188,Ж,06.01.2009,8.0,Город Москва,04.09.2023 21:43:39
189,Ж,02.11.2007,9.0,Краснодарский край,07.09.2023 11:10:36
190,М,17.07.2010,,Город Москва,05.09.2023 20:37:26
191,М,30.01.2009,,Новосибирская область,03.09.2023 11:11:31
192,М,10.03.2007,10.0,Город Санкт-Петербург,14.08.2023 22:57:24
193,Ж,27.12.2009,7.0,Нижегородская область,31.08.2023 14:00:35
194,Ж,12.12.2006,10.0,Город Москва,08.09.2023 07:17:41
195,Ж,08.04.2009,8.0,Город Санкт-Петербург,24.08.2023 02:43:10
196,М,14.03.2007,10.0,Город Москва,26.08.2023 08:45:42
197,Ж,22.01.2009,8.0,Город Санкт-Петербург,14.08.2023 05:47:48
198,Ж,12.09.2007,10.0,Город Москва,10.09.2023 18:56:04
199,М,01.11.2007,,Город Москва,28.08.2023 14:29:02
200,М,08.06.2008,9.0,Нижегородская область,01.09.2023 10:35:20
201,М,13.03.2008,9.0,Город Санкт-Петербург,14.08.2023 11:32:24
202,Ж,10.12.2008,8.0,Город Москва,04.09.2023 07:27:11
203,Ж,17.05.2008,9.0,Город Москва,01.09.2023 10:47:07
204,Ж,04.10.2007,,Краснодарский край,23.08.2023 12:42:43
205,Ж,20.05.2008,9.0,Новосибирская область,03.09.2023 09:32:59
206,Ж,24.11.2008,8.0,Нижегородская область,09.09.2023 03:13:05
207,М,22.01.2008,9.0,Новосибирская область,08.09.2023 12:46:44
208,Ж,16.04.2010,7.0,Нижегородская область,01.09.2023 15:27:11
209,М,28.03.2008,,Город Москва,22.08.2023 08:19:25
210,Ж,03.04.2007,10.0,Город Санкт-Петербург,19.08.2023 18:48:17
211,Ж,03.05.2007,,Город Москва,22.08.2023 07:30:35
212,Ж,22.01.2008,9.0,Краснодарский край,12.09.2023 14:18:25
213,Ж,14.08.2009,8.0,Город Москва,20.08.2023 16:25:33
214,М,03.08.2009,8.0,Город Москва,26.08.2023 04:05:08
215,Ж,12.08.2007,10.0,Город Москва,18.08.2023 06:26:30
216,М,11.11.2006,10.0,Новосибирская область,29.08.2023 10:59:29
217,М,05.04.2008,9.0,Нижегородская область,16.08.2023 02:46:54
218,Ж,05.10.2009,7.0,Новосибирская область,19.08.2023 07:07:02
219,Ж,14.08.2008,9.0,Новосибирская область,22.08.2023 07:24:59
220,Ж,27.11.2006,10.0,Город Москва,30.08.2023 04:16:02
221,М,21.10.2006,10.0,Город Москва,28.08.2023 23:49:03
222,М,13.12.2007,9.0,Новосибирская область,17.08.2023 18:01:18
223,М,15.05.2008,9.0,Город Санкт-Петербург,05.09.2023 12:54:24
224,Ж,16.01.2009,8.0,Город Москва,04.09.2023 21:32:09
225,Ж,07.03.2007,10.0,Город Москва,31.08.2023 02:22:27
226,Ж,18.05.2008,9.0,Город Москва,28.08.2023 16:54:37
227,М,01.11.2009,7.0,Город Москва,04.09.2023 17:52:46
228,М,09.09.2010,,Город Москва,27.08.2023 03:11:52
229,Ж,23.07.2008,9.0,Город Москва,24.08.2023 21:09:00
230,М,19.11.2009,7.0,Город Москва,21.08.2023 21:31:57
231,Ж,16.12.2007,9.0,Нижегородская область,22.08.2023 14:26:29
232,Ж,31.10.2007,9.0,Город Москва,27.08.2023 20:24:02
233,М,18.04.2009,8.0,Город Москва,09.09.2023 03:01:12
234,Ж,02.12.2008,8.0,Город Москва,07.09.2023 02:57:13
235,М,03.05.2008,9.0,Город Москва,20.08.2023 08:09:38
236,М,12.08.2009,8.0,Краснодарский край,31.08.2023 17:49:23
237,Ж,10.10.2007,9.0,Город Москва,14.08.2023 08:21:45
238,М,18.06.2008,,Новосибирская область,16.08.2023 16:15:48
239,Ж,12.07.2009,8.0,Город Санкт-Петербург,08.09.2023 06:04:13
240,М,16.04.2009,,Нижегородская область,08.09.2023 16:05:41
241,Ж,21.12.2009,7.0,Город Санкт-Петербург,24.08.2023 07:37:22
242,М,11.08.2009,8.0,Город Санкт-Петербург,20.08.2023 04:53:03
243,Ж,01.06.2009,8.0,Город Москва,18.08.2023 04:51:09
244,М,05.01.2007,10.0,Город Москва,16.08.2023 14:07:50
245,М,21.03.2007,,Город Москва,22.08.2023 13:37:25
246,Ж,19.03.2008,9.0,Нижегородская область,01.09.2023 08:44:33
247,Ж,22.02.2010,7.0,Город Санкт-Петербург,02.09.2023 20:24:16
248,Ж,22.06.2010,7.0,Город Москва,23.08.2023 08:37:07
249,М,31.01.2009,,Краснодарский край,08.09.2023 14:10:22
250,Ж,11.08.2009,,Город Москва,26.08.2023 08:24:34
251,М,06.02.2007,10.0,Новосибирская область,25.08.2023 13:51:37
252,М,27.05.2008,9.0,Город Санкт-Петербург,26.08.2023 00:39:24
253,Ж,05.10.2008,8.0,Город Москва,15.08.2023 18:22:38
254,М,21.12.2007,9.0,Город Москва,16.08.2023 02:16:48
255,М,27.10.2006,,Город Москва,02.09.2023 03:09:48
256,Ж,07.09.2007,10.0,Город Санкт-Петербург,21.08.2023 15:52:25
257,Ж,09.12.2008,,Новосибирская область,28.08.2023 08:26:42
258,М,26.07.2010,7.0,Краснодарский край,10.09.2023 07:46:20
259,Ж,16.06.2008,9.0,Город Москва,30.08.2023 19:38:34
260,Ж,20.05.2008,9.0,Город Санкт-Петербург,29.08.2023 15:36:07
261,М,12.08.2009,8.0,Город Санкт-Петербург,26.08.2023 05:38:20
262,Ж,02.03.2007,10.0,Город Москва,25.08.2023 13:16:48
263,Ж,18.04.2007,10.0,Город Санкт-Петербург,27.08.2023 13:39:51
264,Ж,13.02.2009,,Город Санкт-Петербург,04.09.2023 06:21:43
265,М,03.11.2009,7.0,Нижегородская область,01.09.2023 23:43:49
266,М,29.05.2009,8.0,Город Москва,04.09.2023 06:19:30
267,Ж,21.07.2007,10.0,Город Москва,06.09.2023 09:41:48
268,Ж,13.07.2007,10.0,Город Москва,24.08.2023 02:21:38
269,Ж,04.02.2008,9.0,Город Москва,30.08.2023 03:39:55
270,Ж,22.09.2006,10.0,Город Санкт-Петербург,26.08.2023 04:35:09
271,Ж,02.05.2007,10.0,Нижегородская область,21.08.2023 15:25:41
272,Ж,27.02.2007,10.0,Краснодарский край,16.08.2023 01:24:14
273,Ж,25.05.2009,8.0,Город Москва,06.09.2023 19:13:07
274,М,18.06.2008,9.0,Город Москва,14.08.2023 07:57:23
275,М,11.11.2006,10.0,Город Санкт-Петербург,14.08.2023 06:16:43
276,Ж,01.01.2009,8.0,Город Москва,28.08.2023 00:24:44
277,Ж,20.10.2009,,Краснодарский край,07.09.2023 19:13:47
278,Ж,15.05.2009,8.0,Новосибирская область,16.08.2023 11:20:27
279,М,22.02.2007,10.0,Город Москва,25.08.2023 21:10:19
280,М,01.08.2010,7.0,Город Санкт-Петербург,09.09.2023 13:04:01
281,М,28.08.2010,7.0,Новосибирская область,05.09.2023 21:09:30
282,М,27.12.2008,8.0,Новосибирская область,12.09.2023 08:28:18
283,Ж,08.06.2008,9.0,Город Санкт-Петербург,07.09.2023 22:13:04
284,М,10.07.2008,,Город Москва,25.08.2023 04:33:57
285,Ж,29.06.2009,8.0,Нижегородская область,05.09.2023 23:58:58
286,М,12.07.2009,,Краснодарский край,10.09.2023 03:37:17
287,М,12.01.2008,9.0,Краснодарский край,27.08.2023 03:23:00
288,М,08.09.2009,8.0,Город Москва,30.08.2023 05:45:27
289,Ж,10.11.2008,8.0,Новосибирская область,07.09.2023 22:06:58
290,Ж,22.03.2009,8.0,Город Москва,04.09.2023 11:51:01
291,М,16.03.2010,,Новосибирская область,29.08.2023 06:13:01
292,Ж,02.02.2007,10.0,Краснодарский край,15.08.2023 16:47:10
293,М,13.11.2007,9.0,Город Москва,01.09.2023 13:29:13
294,Ж,06.07.2008,9.0,Новосибирская область,10.09.2023 16:32:48
295,М,01.06.2010,,Краснодарский край,16.08.2023 01:53:54
296,М,28.08.2009,8.0,Город Москва,20.08.2023 22:03:05
297,Ж,10.06.2008,,Краснодарский край,07.09.2023 12:00:11
298,М,30.01.2008,9.0,Краснодарский край,19.08.2023 09:47:37
299,М,09.03.2010,7.0,Город Москва,28.08.2023 09:05:51
300,Ж,07.10.2008,8.0,Город Москва,09.09.2023 14:48:03
301,Ж,29.09.2009,7.0,Город Москва,02.09.2023 17:23:01
302,М,25.07.2009,8.0,Город Москва,12.09.2023 19:21:47
303,Ж,26.02.2008,9.0,Город Москва,12.09.2023 15:57:39
304,Ж,10.03.2007,10.0,Город Москва,11.09.2023 20:48:29
305,Ж,23.04.2008,9.0,Город Санкт-Петербург,30.08.2023 14:43:52
306,М,08.12.2007,9.0,Новосибирская область,14.08.2023 03:08:11
307,М,28.02.2007,10.0,Краснодарский край,30.08.2023 23:16:45
308,Ж,10.09.2010,7.0,Город Москва,31.08.2023 08:12:36
309,Ж,25.01.2009,,Город Санкт-Петербург,04.09.2023 14:31:43
310,Ж,26.08.2009,8.0,Город Москва,04.09.2023 17:00:10
311,Ж,23.07.2007,10.0,Новосибирская область,24.08.2023 00:38:50
312,М,15.08.2008,9.0,Город Москва,18.08.2023 23:10:30
313,Ж,25.11.2006,10.0,Город Москва,26.08.2023 15:36:00
314,М,31.08.2007,10.0,Город Москва,26.08.2023 07:39:23
315,М,12.01.2008,9.0,Город Москва,24.08.2023 05:02:33
316,Ж,17.03.2009,8.0,Город Москва,18.08.2023 22:03:22
317,М,13.04.2008,9.0,Город Санкт-Петербург,17.08.2023 05:05:43
318,М,25.09.2006,10.0,Нижегородская область,17.08.2023 23:18:36
319,М,15.08.2010,7.0,Новосибирская область,05.09.2023 22:36:46
320,М,01.03.2010,7.0,Город Москва,20.08.2023 21:40:36
321,Ж,30.07.2009,8.0,Новосибирская область,16.08.2023 14:48:50
322,М,19.07.2010,7.0,Город Санкт-Петербург,03.09.2023 14:54:29
323,Ж,14.11.2008,8.0,Новосибирская область,29.08.2023 12:56:53
324,Ж,22.04.2008,9.0,Город Москва,17.08.2023 14:37:02
325,Ж,24.03.2009,,Нижегородская область,03.09.2023 15:38:26
326,М,07.05.2010,7.0,Краснодарский край,06.09.2023 23:26:16
327,Ж,12.11.2006,10.0,Город Санкт-Петербург,21.08.2023 10:43:52
328,М,12.08.2007,10.0,Нижегородская область,30.08.2023 02:00:01
329,Ж,19.10.2007,9.0,Город Москва,28.08.2023 14:26:00
330,М,23.09.2009,7.0,Новосибирская область,30.08.2023 07:39:29
331,Ж,01.06.2007,10.0,Город Москва,21.08.2023 21:31:50
332,Ж,23.09.2007,9.0,Город Москва,23.08.2023 18:02:41
333,Ж,21.10.2008,,Город Москва,05.09.2023 17:15:09
334,Ж,18.06.2010,7.0,Краснодарский край,27.08.2023 11:35:42
335,М,03.06.2007,10.0,Город Москва,05.09.2023 00:46:19
336,Ж,14.09.2010,7.0,Нижегородская область,24.08.2023 06:57:45
337,М,06.08.2009,,Краснодарский край,25.08.2023 02:01:32
338,М,14.02.2007,,Город Санкт-Петербург,09.09.2023 02:59:01
339,Ж,14.11.2007,,Город Москва,24.08.2023 16:51:06
340,М,21.02.2008,,Город Санкт-Петербург,11.09.2023 12:05:56
341,М,04.07.2009,8.0,Город Москва,23.08.2023 15:27:04
342,М,17.01.2010,7.0,Нижегородская область,08.09.2023 04:02:57
343,Ж,08.10.2007,9.0,Город Санкт-Петербург,20.08.2023 17:59:39
344,М,05.06.2010,,Новосибирская область,04.09.2023 21:29:24
345,Ж,24.08.2009,8.0,Новосибирская область,05.09.2023 20:47:38
346,М,13.01.2009,8.0,Город Москва,03.09.2023 06:10:37
347,М,29.09.2008,8.0,Город Москва,23.08.2023 21:15:20
348,М,15.08.2008,9.0,Краснодарский край,08.09.2023 03:19:36
349,Ж,27.03.2010,,Нижегородская область,11.09.2023 00:52:13
350,Ж,24.02.2009,8.0,Город Москва,25.08.2023 04:51:06
351,Ж,11.09.2009,8.0,Город Москва,05.09.2023 22:50:31
352,М,01.12.2006,,Город Москва,21.08.2023 09:00:05
353,М,08.12.2008,8.0,Город Санкт-Петербург,02.09.2023 22:08:44
354,Ж,18.02.2007,10.0,Город Москва,03.09.2023 08:22:13
355,М,12.08.2009,8.0,Город Москва,11.09.2023 19:13:19
356,Ж,03.05.2007,10.0,Город Москва,31.08.2023 13:21:43
357,Ж,21.12.2007,,Город Москва,23.08.2023 01:25:25
358,М,06.12.2009,7.0,Город Москва,02.09.2023 18:22:37
359,М,06.06.2007,10.0,Краснодарский край,05.09.2023 15:08:56
360,М,27.08.2007,10.0,Город Москва,05.09.2023 15:10:28
361,М,09.10.2009,7.0,Краснодарский край,05.09.2023 23:20:09
362,М,16.12.2006,10.0,Город Москва,03.09.2023 16:52:17
363,Ж,08.11.2008,,Город Санкт-Петербург,06.09.2023 12:50:29
364,М,05.08.2010,7.0,Нижегородская область,16.08.2023 11:30:55
365,Ж,15.04.2009,8.0,Город Санкт-Петербург,14.08.2023 16:42:16
366,М,22.09.2007,9.0,Город Санкт-Петербург,22.08.2023 15:17:53
367,М,01.07.2010,7.0,Город Санкт-Петербург,05.09.2023 17:16:33
368,М,09.08.2008,,Нижегородская область,17.08.2023 09:45:11
369,М,17.09.2007,9.0,Город Санкт-Петербург,06.09.2023 14:00:57
370,Ж,27.09.2009,7.0,Новосибирская область,16.08.2023 04:38:46
371,М,30.05.2008,9.0,Нижегородская область,05.09.2023 22:05:31
372,Ж,27.05.2010,7.0,Краснодарский край,29.08.2023 03:43:03
373,Ж,29.06.2009,8.0,Краснодарский край,10.09.2023 11:35:06
374,Ж,13.09.2009,7.0,Новосибирская область,06.09.2023 12:38:23
375,Ж,29.05.2010,7.0,Город Москва,24.08.2023 11:53:51
376,Ж,14.04.2010,7.0,Нижегородская область,11.09.2023 18:44:19
377,М,01.08.2010,7.0,Город Москва,21.08.2023 17:23:08
378,М,25.05.2009,8.0,Город Москва,17.08.2023 12:29:55
379,Ж,11.02.2010,7.0,Нижегородская область,05.09.2023 07:50:40
380,Ж,16.07.2008,9.0,Город Москва,21.08.2023 11:19:49
381,М,02.12.2007,9.0,Город Санкт-Петербург,28.08.2023 08:12:24
382,М,01.07.2009,,Город Москва,22.08.2023 06:31:26
383,М,01.08.2007,10.0,Город Москва,19.08.2023 15:42:32
384,Ж,18.11.2006,10.0,Город Санкт-Петербург,16.08.2023 17:11:48
385,Ж,11.10.2008,8.0,Город Санкт-Петербург,09.09.2023 10:00:21
386,Ж,07.06.2009,8.0,Краснодарский край,03.09.2023 09:38:43
387,М,24.01.2010,7.0,Город Санкт-Петербург,02.09.2023 16:11:00
388,М,16.05.2007,10.0,Город Москва,08.09.2023 16:35:48
389,Ж,19.08.2009,,Город Москва,09.09.2023 13:25:48
390,Ж,30.12.2006,10.0,Краснодарский край,07.09.2023 02:49:05
391,М,27.12.2006,10.0,Новосибирская область,26.08.2023 03:57:52
392,М,25.09.2008,8.0,Новосибирская область,04.09.2023 04:00:49
393,М,09.12.2007,9.0,Краснодарский край,26.08.2023 03:52:37
394,Ж,06.09.2009,8.0,Город Санкт-Петербург,04.09.2023 21:37:21
395,М,17.04.2007,10.0,Краснодарский край,04.09.2023 20:47:25
396,М,27.10.2008,8.0,Город Москва,16.08.2023 08:56:14
397,Ж,23.08.2010,7.0,Город Москва,19.08.2023 09:38:35
398,М,24.05.2010,,Город Санкт-Петербург,09.09.2023 12:40:01
399,Ж,14.11.2007,9.0,Город Москва,04.09.2023 01:41:07
400,Ж,24.05.2010,7.0,Город Санкт-Петербург,18.08.2023 05:12:00
401,М,19.11.2006,,Город Москва,31.08.2023 08:26:31
402,Ж,01.11.2008,8.0,Город Санкт-Петербург,01.09.2023 21:31:02
403,Ж,08.10.2008,8.0,Нижегородская область,12.09.2023 17:53:10
404,М,02.11.2008,8.0,Город Санкт-Петербург,12.09.2023 04:39:52
405,Ж,02.10.2007,9.0,Новосибирская область,03.09.2023 07:35:49
406,М,20.02.2008,9.0,Город Санкт-Петербург,11.09.2023 01:24:56
407,М,19.02.2009,8.0,Город Москва,30.08.2023 03:16:27
408,Ж,06.04.2009,8.0,Город Санкт-Петербург,19.08.2023 17:20:44
409,М,24.09.2009,7.0,Город Москва,16.08.2023 01:18:36
410,М,01.08.2008,9.0,Город Москва,14.08.2023 07:45:38
411,Ж,07.03.2007,10.0,Город Санкт-Петербург,28.08.2023 07:24:46
412,Ж,21.12.2008,,Город Санкт-Петербург,09.09.2023 18:56:59
413,М,23.04.2007,,Город Санкт-Петербург,20.08.2023 04:00:25
414,Ж,25.04.2010,7.0,Город Москва,19.08.2023 19:28:43
415,М,16.03.2009,8.0,Город Санкт-Петербург,30.08.2023 04:02:36
416,Ж,05.12.2006,10.0,Краснодарский край,15.08.2023 16:30:24
417,М,02.12.2008,8.0,Город Москва,08.09.2023 03:05:33
418,Ж,15.07.2008,,Город Москва,12.09.2023 00:51:25
419,М,24.07.2008,9.0,Город Санкт-Петербург,15.08.2023 05:56:35
420,М,28.02.2009,8.0,Нижегородская область,31.08.2023 23:43:11
421,Ж,28.06.2007,10.0,Город Санкт-Петербург,14.08.2023 22:09:56
422,Ж,14.10.2008,,Новосибирская область,18.08.2023 20:55:34
423,Ж,09.01.2007,10.0,Город Санкт-Петербург,28.08.2023 01:49:12
424,М,05.10.2008,8.0,Город Санкт-Петербург,09.09.2023 00:34:44
425,Ж,22.05.2010,7.0,Город Москва,17.08.2023 16:11:33
426,Ж,13.10.2007,9.0,Краснодарский край,12.09.2023 15:54:34
427,М,10.12.2008,8.0,Город Москва,20.08.2023 03:45:06
428,М,07.11.2007,9.0,Город Санкт-Петербург,02.09.2023 15:54:12
429,Ж,07.02.2009,8.0,Нижегородская область,29.08.2023 10:38:41
430,М,04.06.2010,7.0,Город Москва,14.08.2023 20:16:19
431,Ж,12.09.2008,9.0,Город Москва,17.08.2023 14:17:23
432,М,01.01.2008,9.0,Краснодарский край,28.08.2023 00:50:46
433,М,20.07.2010,7.0,Город Москва,01.09.2023 05:43:38
434,М,15.06.2009,8.0,Город Москва,20.08.2023 12:00:19
435,М,24.06.2009,,Город Москва,09.09.2023 22:08:06
436,М,09.11.2009,7.0,Город Москва,30.08.2023 01:16:22
437,М,08.01.2009,8.0,Город Москва,23.08.2023 08:00:08
438,М,02.05.2007,10.0,Город Москва,27.08.2023 09:02:05
439,Ж,08.06.2007,10.0,Нижегородская область,15.08.2023 02:59:10
440,М,02.05.2007,10.0,Нижегородская область,16.08.2023 15:27:31
441,Ж,21.01.2008,9.0,Город Москва,07.09.2023 11:04:06
442,М,04.04.2010,7.0,Город Москва,31.08.2023 03:48:45
443,М,18.05.2009,8.0,Новосибирская область,11.09.2023 10:51:51
444,Ж,25.11.2008,,Город Санкт-Петербург,21.08.2023 08:38:46
445,М,25.01.2008,9.0,Город Санкт-Петербург,11.09.2023 06:54:48
446,М,23.01.2007,10.0,Город Москва,08.09.2023 03:02:08
447,Ж,10.05.2010,7.0,Новосибирская область,30.08.2023 05:18:40
448,Ж,12.01.2008,,Новосибирская область,11.09.2023 10:10:08
449,М,24.12.2006,10.0,Город Москва,17.08.2023 06:22:32
450,М,02.07.2007,10.0,Город Санкт-Петербург,23.08.2023 04:06:29
451,М,29.06.2009,8.0,Новосибирская область,11.09.2023 14:10:52
452,М,17.03.2009,8.0,Город Москва,22.08.2023 22:08:03
453,М,21.03.2008,9.0,Город Санкт-Петербург,08.09.2023 15:14:42
454,Ж,11.10.2007,9.0,Город Москва,06.09.2023 09:29:49
455,М,16.07.2009,8.0,Город Москва,28.08.2023 09:34:13
456,Ж,10.08.2010,7.0,Краснодарский край,23.08.2023 02:35:58
457,М,09.09.2010,,Город Санкт-Петербург,26.08.2023 00:30:42
458,Ж,02.07.2008,9.0,Краснодарский край,26.08.2023 15:37:28
459,М,16.10.2008,8.0,Город Москва,16.08.2023 01:08:23
460,Ж,13.07.2010,7.0,Город Санкт-Петербург,17.08.2023 15:47:07
461,Ж,20.05.2009,8.0,Город Санкт-Петербург,24.08.2023 03:33:13
462,Ж,13.03.2010,,Город Москва,28.08.2023 03:21:53
463,М,27.05.2007,10.0,Город Москва,10.09.2023 10:26:50
464,Ж,05.12.2008,8.0,Город Москва,24.08.2023 03:57:42
465,М,17.05.2007,10.0,Город Санкт-Петербург,28.08.2023 19:16:34
466,Ж,15.09.2008,8.0,Нижегородская область,10.09.2023 03:03:15
467,Ж,09.12.2009,7.0,Новосибирская область,21.08.2023 08:43:13
468,Ж,21.08.2009,8.0,Город Санкт-Петербург,24.08.2023 12:55:57
469,Ж,13.12.2007,9.0,Город Москва,16.08.2023 11:28:21
470,М,07.04.2007,10.0,Новосибирская область,25.08.2023 20:18:05
471,М,10.07.2010,7.0,Город Москва,04.09.2023 00:39:07
472,М,17.04.2010,7.0,Город Санкт-Петербург,15.08.2023 12:14:52
473,Ж,25.09.2008,8.0,Город Санкт-Петербург,15.08.2023 20:15:58
474,М,14.09.2010,7.0,Город Москва,18.08.2023 11:58:45
475,Ж,17.08.2010,7.0,Новосибирская область,12.09.2023 17:25:03
476,М,01.03.2007,10.0,Город Москва,24.08.2023 01:33:53
477,М,20.05.2007,10.0,Город Санкт-Петербург,08.09.2023 05:53:20
478,Ж,27.08.2007,10.0,Город Москва,27.08.2023 19:06:59
479,Ж,07.07.2007,10.0,Город Москва,17.08.2023 23:18:12
480,Ж,29.06.2009,,Город Санкт-Петербург,24.08.2023 10:00:06
481,М,19.06.2009,8.0,Город Санкт-Петербург,13.08.2023 22:38:30
482,Ж,31.07.2009,8.0,Город Москва,26.08.2023 12:46:47
483,Ж,24.12.2009,7.0,Город Москва,18.08.2023 15:36:37
484,Ж,01.07.2008,9.0,Город Москва,20.08.2023 22:23:08
485,Ж,09.09.2008,9.0,Город Санкт-Петербург,05.09.2023 06:33:31
486,М,02.04.2007,10.0,Город Москва,31.08.2023 19:00:13
487,М,19.08.2007,10.0,Нижегородская область,23.08.2023 05:39:54
488,М,30.05.2008,9.0,Город Санкт-Петербург,14.08.2023 22:40:14
489,М,03.01.2009,8.0,Краснодарский край,05.09.2023 01:47:14
490,М,11.03.2009,8.0,Город Санкт-Петербург,26.08.2023 17:03:17
491,М,04.08.2007,10.0,Город Санкт-Петербург,20.08.2023 22:29:35
492,Ж,04.10.2008,8.0,Город Москва,29.08.2023 19:34:12
493,Ж,21.06.2009,,Город Москва,05.09.2023 20:26:48
494,Ж,06.12.2006,10.0,Город Москва,31.08.2023 09:17:20
495,М,13.01.2010,7.0,Город Москва,30.08.2023 18:37:07
496,Ж,25.11.2007,9.0,Город Санкт-Петербург,22.08.2023 03:35:09
497,Ж,27.05.2010,,Город Москва,21.08.2023 21:39:53
498,М,03.02.2010,7.0,Город Санкт-Петербург,24.08.2023 07:28:06
499,М,31.10.2009,7.0,Город Москва,07.09.2023 00:12:41
500,Ж,02.08.2010,7.0,Краснодарский край,20.08.2023 20:12:56
501,М,27.09.2009,7.0,Город Санкт-Петербург,10.09.2023 07:49:37
502,М,18.04.2007,10.0,Город Москва,26.08.2023 06:52:23
503,Ж,25.02.2007,10.0,Город Санкт-Петербург,05.09.2023 14:34:05
504,М,29.05.2010,7.0,Город Санкт-Петербург,14.08.2023 14:08:50
505,М,05.12.2008,8.0,Город Москва,19.08.2023 11:09:24
506,М,22.06.2008,,Город Москва,24.08.2023 21:40:36
507,М,11.12.2006,10.0,Город Москва,16.08.2023 17:28:46
508,М,26.03.2008,,Город Москва,19.08.2023 04:02:42
509,Ж,05.03.2010,7.0,Город Москва,24.08.2023 17:33:35
510,Ж,01.11.2008,8.0,Город Москва,23.08.2023 13:31:06
511,Ж,08.01.2008,9.0,Новосибирская область,31.08.2023 10:25:55
512,М,28.03.2007,10.0,Нижегородская область,31.08.2023 15:32:28
513,Ж,22.09.2009,7.0,Город Москва,06.09.2023 18:26:05
514,Ж,29.09.2008,8.0,Город Москва,18.08.2023 12:23:41
515,М,11.04.2009,8.0,Краснодарский край,05.09.2023 03:39:21
516,Ж,10.08.2008,,Краснодарский край,21.08.2023 00:33:03
517,М,03.05.2010,7.0,Нижегородская область,22.08.2023 23:06:44
518,М,16.10.2007,9.0,Город Москва,26.08.2023 09:47:25
519,Ж,08.06.2007,10.0,Город Москва,16.08.2023 11:06:26
520,Ж,01.08.2009,,Город Санкт-Петербург,09.09.2023 09:25:37
521,М,04.07.2007,10.0,Город Санкт-Петербург,30.08.2023 13:37:53
522,Ж,03.04.2010,7.0,Нижегородская область,01.09.2023 03:32:06
523,М,22.06.2008,9.0,Новосибирская область,15.08.2023 05:13:27
524,М,15.09.2010,7.0,Краснодарский край,23.08.2023 04:09:31
525,Ж,10.12.2006,10.0,Город Санкт-Петербург,12.09.2023 04:12:46
526,М,28.04.2007,10.0,Город Санкт-Петербург,31.08.2023 15:09:39
527,Ж,26.09.2009,,Нижегородская область,07.09.2023 21:43:50
528,Ж,13.09.2007,9.0,Краснодарский край,21.08.2023 03:03:02
529,М,18.01.2007,,Город Москва,29.08.2023 16:08:09
530,Ж,02.10.2008,8.0,Нижегородская область,21.08.2023 02:29:12
531,Ж,29.06.2007,10.0,Город Москва,01.09.2023 06:21:45
532,Ж,02.05.2008,9.0,Новосибирская область,16.08.2023 11:41:55
533,Ж,01.06.2010,7.0,Город Москва,09.09.2023 14:51:03
534,М,27.10.2007,9.0,Город Санкт-Петербург,17.08.2023 09:07:09
535,М,31.08.2010,7.0,Город Москва,16.08.2023 18:39:22
536,Ж,01.04.2009,8.0,Город Санкт-Петербург,22.08.2023 21:35:58
537,М,07.04.2007,10.0,Краснодарский край,20.08.2023 09:12:32
538,Ж,15.07.2009,8.0,Город Москва,05.09.2023 21:57:20
539,Ж,12.02.2009,8.0,Город Москва,14.08.2023 23:39:56
540,Ж,24.08.2007,10.0,Краснодарский край,14.08.2023 10:41:32
541,Ж,24.11.2007,9.0,Город Москва,01.09.2023 00:10:45
542,Ж,16.08.2008,9.0,Город Москва,24.08.2023 10:17:31
543,Ж,29.09.2008,8.0,Новосибирская область,27.08.2023 05:19:44
544,М,14.11.2009,7.0,Новосибирская область,26.08.2023 05:42:20
545,Ж,14.07.2009,8.0,Новосибирская область,07.09.2023 16:19:32
546,Ж,12.02.2010,7.0,Город Москва,10.09.2023 17:43:00
547,М,07.11.2008,8.0,Город Санкт-Петербург,14.08.2023 11:07:44
548,М,24.08.2008,,Город Москва,26.08.2023 20:31:25
549,Ж,07.10.2008,8.0,Город Санкт-Петербург,10.09.2023 06:58:26
550,Ж,25.04.2010,7.0,Город Москва,27.08.2023 19:18:19
551,М,12.01.2009,8.0,Город Москва,11.09.2023 00:37:11
552,Ж,21.07.2010,7.0,Город Санкт-Петербург,31.08.2023 00:02:32
553,М,03.11.2006,10.0,Город Москва,12.09.2023 20:14:58
554,М,22.07.2010,7.0,Новосибирская область,19.08.2023 14:29:54
555,М,04.11.2008,8.0,Город Санкт-Петербург,31.08.2023 08:43:49
556,М,09.01.2009,8.0,Новосибирская область,30.08.2023 17:49:21
557,М,14.11.2008,8.0,Город Москва,19.08.2023 05:33:27
558,Ж,12.12.2009,7.0,Краснодарский край,01.09.2023 18:53:14
559,Ж,28.02.2010,7.0,Город Москва,21.08.2023 02:27:16
560,Ж,22.03.2010,7.0,Краснодарский край,01.09.2023 04:42:51
561,Ж,09.06.2008,,Город Санкт-Петербург,27.08.2023 19:46:03
562,Ж,11.10.2007,9.0,Город Москва,09.09.2023 21:22:47
563,Ж,07.03.2007,10.0,Город Москва,19.08.2023 09:27:14
564,М,25.01.2007,,Нижегородская область,19.08.2023 17:15:09
565,Ж,14.10.2008,8.0,Новосибирская область,19.08.2023 14:46:41
566,М,15.10.2006,10.0,Город Санкт-Петербург,14.08.2023 09:41:24
567,М,26.01.2010,7.0,Краснодарский край,02.09.2023 16:10:06
568,Ж,09.06.2009,8.0,Город Москва,14.08.2023 14:39:02
569,М,29.12.2009,7.0,Краснодарский край,03.09.2023 01:39:23
570,Ж,07.03.2009,8.0,Новосибирская область,31.08.2023 05:01:42
571,М,05.11.2006,10.0,Новосибирская область,09.09.2023 21:23:00
572,Ж,13.07.2010,7.0,Город Москва,03.09.2023 05:04:19
573,М,01.04.2007,10.0,Нижегородская область,10.09.2023 11:03:13
574,М,12.02.2009,8.0,Город Москва,24.08.2023 15:04:58
575,Ж,04.01.2008,,Город Санкт-Петербург,03.09.2023 09:08:54
576,Ж,22.12.2009,7.0,Нижегородская область,15.08.2023 16:41:24
577,Ж,19.06.2009,8.0,Город Санкт-Петербург,29.08.2023 05:00:49
578,М,27.03.2010,7.0,Нижегородская область,28.08.2023 04:53:51
579,М,03.03.2010,7.0,Город Санкт-Петербург,25.08.2023 22:09:15
580,М,01.12.2009,7.0,Нижегородская область,24.08.2023 00:28:37
581,Ж,28.07.2010,7.0,Город Санкт-Петербург,01.09.2023 07:06:02
582,Ж,05.05.2007,,Новосибирская область,26.08.2023 03:12:27
583,М,07.06.2008,9.0,Город Москва,24.08.2023 01:36:43
584,М,09.06.2008,9.0,Нижегородская область,08.09.2023 12:47:22
585,М,12.09.2009,8.0,Город Москва,12.09.2023 07:36:26
586,Ж,06.05.2010,7.0,Город Москва,27.08.2023 20:21:23
587,М,13.04.2007,10.0,Краснодарский край,06.09.2023 04:33:45
588,Ж,14.01.2007,10.0,Город Москва,02.09.2023 12:09:30
589,Ж,29.06.2010,7.0,Город Москва,08.09.2023 20:14:33
590,М,17.07.2007,10.0,Новосибирская область,29.08.2023 17:57:09
591,Ж,12.08.2008,,Новосибирская область,21.08.2023 12:11:17
592,М,06.06.2007,10.0,Новосибирская область,31.08.2023 07:19:58
593,М,07.09.2009,8.0,Город Санкт-Петербург,30.08.2023 17:33:06
594,Ж,25.06.2010,7.0,Город Москва,10.09.2023 04:31:48
595,М,18.02.2010,7.0,Город Москва,05.09.2023 05:51:52
596,М,07.05.2009,8.0,Город Москва,18.08.2023 18:00:15
597,Ж,07.08.2009,8.0,Город Москва,20.08.2023 17:56:24
598,М,03.01.2009,,Город Москва,13.08.2023 22:56:15
599,М,24.11.2006,10.0,Краснодарский край,30.08.2023 13:51:14
600,М,05.02.2009,8.0,Город Москва,14.08.2023 18:42:20
601,М,19.09.2007,9.0,Город Москва,21.08.2023 01:10:29
602,Ж,27.12.2008,8.0,Нижегородская область,28.08.2023 05:16:04
603,Ж,24.11.2007,9.0,Новосибирская область,07.09.2023 17:33:33
604,М,21.06.2010,7.0,Город Москва,19.08.2023 11:14:27
605,М,15.08.2007,10.0,Город Санкт-Петербург,11.09.2023 22:30:19
606,М,06.05.2008,9.0,Город Москва,11.09.2023 09:23:17
607,Ж,03.01.2007,,Краснодарский край,16.08.2023 20:00:01
608,Ж,03.02.2010,7.0,Город Москва,23.08.2023 18:05:12
609,М,01.03.2007,10.0,Город Москва,18.08.2023 02:18:24
610,М,28.04.2008,,Краснодарский край,19.08.2023 15:50:23
611,М,15.01.2007,10.0,Нижегородская область,08.09.2023 03:41:28
612,Ж,07.04.2008,9.0,Краснодарский край,03.09.2023 07:02:56
613,Ж,16.10.2009,,Город Москва,27.08.2023 19:02:42
614,Ж,24.06.2009,8.0,Город Санкт-Петербург,18.08.2023 01:34:06
615,М,03.11.2008,,Город Москва,20.08.2023 10:14:19
616,Ж,28.06.2010,,Город Москва,12.09.2023 12:45:14
617,Ж,02.01.2007,10.0,Краснодарский край,19.08.2023 17:31:11
618,М,08.06.2010,,Город Москва,12.09.2023 06:41:18
619,М,19.07.2010,7.0,Краснодарский край,17.08.2023 08:35:21
620,Ж,20.12.2008,,Город Санкт-Петербург,15.08.2023 20:20:57
621,Ж,03.01.2010,,Город Москва,14.08.2023 21:41:16
622,М,06.07.2009,8.0,Город Москва,02.09.2023 14:48:00
623,Ж,09.02.2008,,Город Москва,30.08.2023 21:46:46
624,М,15.02.2007,10.0,Город Москва,21.08.2023 00:10:29
625,М,02.10.2008,8.0,Город Санкт-Петербург,10.09.2023 12:18:09
626,Ж,19.06.2007,10.0,Краснодарский край,23.08.2023 04:15:44
627,Ж,08.03.2010,7.0,Нижегородская область,14.08.2023 11:24:16
628,Ж,23.10.2007,9.0,Город Москва,29.08.2023 02:01:30
629,М,22.12.2009,7.0,Город Москва,29.08.2023 20:29:14
630,М,24.12.2009,7.0,Город Москва,25.08.2023 13:24:35
631,М,30.04.2007,10.0,Город Санкт-Петербург,04.09.2023 06:17:35
632,Ж,07.11.2009,7.0,Город Москва,19.08.2023 05:25:46
633,М,13.03.2009,8.0,Город Москва,12.09.2023 03:12:24
634,М,04.12.2006,10.0,Город Москва,02.09.2023 19:34:09
635,М,10.04.2010,7.0,Город Санкт-Петербург,12.09.2023 06:03:55
636,Ж,27.07.2007,10.0,Новосибирская область,03.09.2023 03:58:56
637,М,24.07.2010,7.0,Краснодарский край,04.09.2023 09:42:04
638,Ж,18.03.2008,9.0,Город Москва,01.09.2023 23:04:48
639,Ж,05.03.2008,9.0,Город Москва,16.08.2023 15:09:40
640,Ж,24.06.2008,,Новосибирская область,05.09.2023 22:20:03
641,Ж,28.05.2007,10.0,Новосибирская область,31.08.2023 21:40:22
642,М,18.06.2007,,Краснодарский край,05.09.2023 20:41:13
643,М,08.04.2007,,Город Москва,15.08.2023 09:25:25
644,Ж,23.12.2007,,Город Москва,18.08.2023 07:09:20
645,М,22.02.2010,7.0,Краснодарский край,05.09.2023 16:59:54
646,Ж,02.06.2010,7.0,Нижегородская область,14.08.2023 16:58:46
647,М,17.09.2006,10.0,Город Москва,02.09.2023 06:24:18
648,Ж,04.04.2010,,Город Москва,06.09.2023 13:08:42
649,М,01.04.2008,9.0,Новосибирская область,24.08.2023 09:49:34
650,М,19.05.2008,9.0,Город Москва,29.08.2023 17:43:56
651,Ж,19.09.2006,10.0,Город Москва,02.09.2023 05:47:57
652,Ж,25.06.2008,9.0,Новосибирская область,20.08.2023 01:55:21
653,Ж,02.05.2010,7.0,Краснодарский край,18.08.2023 20:15:29
654,М,23.10.2008,8.0,Город Москва,21.08.2023 05:58:24
655,М,28.02.2009,8.0,Город Москва,11.09.2023 15:31:39
656,М,27.06.2008,9.0,Город Санкт-Петербург,22.08.2023 20:28:48
657,М,03.05.2009,,Краснодарский край,15.08.2023 21:21:58
658,Ж,09.02.2010,7.0,Краснодарский край,29.08.2023 09:42:36
659,М,05.09.2010,7.0,Город Москва,17.08.2023 19:24:15
660,М,19.05.2009,,Краснодарский край,01.09.2023 07:25:01
661,Ж,11.01.2010,7.0,Краснодарский край,01.09.2023 08:32:32
662,Ж,29.10.2006,10.0,Краснодарский край,19.08.2023 07:00:44
663,Ж,05.09.2008,9.0,Город Москва,18.08.2023 01:29:57
664,Ж,24.05.2010,,Новосибирская область,07.09.2023 07:57:01
665,М,16.03.2007,10.0,Город Москва,11.09.2023 07:02:04
666,Ж,24.10.2007,9.0,Краснодарский край,20.08.2023 10:18:18
667,М,12.08.2010,7.0,Город Москва,25.08.2023 10:22:22
668,Ж,14.07.2010,7.0,Город Москва,24.08.2023 21:13:14
669,Ж,25.11.2009,7.0,Город Москва,04.09.2023 09:25:43
670,Ж,10.05.2007,10.0,Город Москва,17.08.2023 03:28:40
671,Ж,11.03.2009,8.0,Краснодарский край,27.08.2023 12:02:36
672,Ж,23.11.2009,,Нижегородская область,01.09.2023 01:45:58
673,М,31.07.2007,10.0,Город Москва,31.08.2023 08:39:13
674,М,27.12.2009,7.0,Новосибирская область,29.08.2023 01:19:11
675,М,19.03.2007,10.0,Город Москва,27.08.2023 04:22:45
676,Ж,01.11.2006,10.0,Город Москва,30.08.2023 16:22:30
677,Ж,11.03.2009,8.0,Краснодарский край,06.09.2023 08:23:57
678,Ж,24.12.2006,10.0,Нижегородская область,25.08.2023 01:17:01
679,М,01.05.2010,7.0,Город Москва,20.08.2023 16:21:44
680,Ж,04.03.2007,10.0,Город Санкт-Петербург,12.09.2023 06:25:49
681,Ж,02.07.2008,9.0,Краснодарский край,25.08.2023 11:47:32
682,М,10.04.2010,7.0,Город Москва,15.08.2023 08:26:07
683,Ж,20.07.2008,9.0,Краснодарский край,10.09.2023 23:50:46
684,М,19.09.2008,8.0,Город Санкт-Петербург,03.09.2023 03:07:01
685,Ж,14.08.2007,,Город Москва,28.08.2023 14:55:54
686,Ж,03.11.2008,,Город Москва,15.08.2023 20:32:51
687,Ж,27.11.2008,8.0,Город Москва,26.08.2023 07:00:04
688,М,06.12.2007,9.0,Город Санкт-Петербург,20.08.2023 16:51:06
689,М,30.09.2009,7.0,Город Москва,25.08.2023 01:18:31
690,Ж,04.08.2010,7.0,Город Москва,12.09.2023 12:25:33
691,М,15.06.2007,10.0,Город Москва,07.09.2023 22:02:43
692,М,08.08.2008,9.0,Город Санкт-Петербург,15.08.2023 06:41:47
693,М,30.11.2008,8.0,Город Санкт-Петербург,22.08.2023 02:55:03
694,М,12.02.2008,,Город Москва,30.08.2023 21:46:17
695,М,12.09.2008,9.0,Город Москва,05.09.2023 20:25:40
696,М,14.01.2007,10.0,Город Москва,28.08.2023 01:32:35
697,М,04.02.2010,7.0,Новосибирская область,25.08.2023 06:07:37
698,Ж,14.10.2008,,Город Санкт-Петербург,29.08.2023 00:43:03
699,М,22.04.2007,10.0,Город Санкт-Петербург,27.08.2023 19:26:14
700,М,04.08.2007,10.0,Город Москва,20.08.2023 23:06:57
701,М,30.11.2008,,Город Москва,28.08.2023 20:17:14
702,Ж,04.05.2007,10.0,Город Санкт-Петербург,25.08.2023 10:52:53
703,Ж,13.10.2006,10.0,Город Санкт-Петербург,31.08.2023 06:48:33
704,М,11.08.2007,10.0,Новосибирская область,05.09.2023 17:59:05
705,Ж,14.02.2010,7.0,Нижегородская область,15.08.2023 12:46:19
706,Ж,17.09.2009,7.0,Город Москва,13.08.2023 20:59:09
707,Ж,23.04.2008,9.0,Город Санкт-Петербург,20.08.2023 19:23:39
708,М,10.04.2010,7.0,Город Санкт-Петербург,31.08.2023 19:06:17
709,Ж,31.10.2008,8.0,Город Москва,25.08.2023 18:57:33
710,Ж,31.10.2008,8.0,Город Москва,27.08.2023 05:17:55
711,М,27.10.2006,,Новосибирская область,05.09.2023 09:30:09
712,М,22.04.2010,7.0,Краснодарский край,16.08.2023 18:23:20
713,Ж,25.08.2009,8.0,Город Санкт-Петербург,23.08.2023 12:04:54
714,М,03.06.2008,,Новосибирская область,10.09.2023 05:16:15
715,Ж,16.08.2009,8.0,Город Москва,18.08.2023 21:17:35
716,М,22.04.2008,9.0,Город Санкт-Петербург,24.08.2023 02:11:12
717,Ж,25.03.2010,,Краснодарский край,21.08.2023 01:26:28
718,Ж,05.07.2010,7.0,Город Санкт-Петербург,17.08.2023 16:11:27
719,М,29.03.2008,9.0,Нижегородская область,28.08.2023 20:16:36
720,Ж,06.05.2008,9.0,Город Санкт-Петербург,24.08.2023 13:26:13
721,Ж,01.03.2010,7.0,Город Санкт-Петербург,25.08.2023 13:05:25
722,Ж,12.07.2007,10.0,Нижегородская область,26.08.2023 20:10:03
723,М,05.11.2007,9.0,Краснодарский край,03.09.2023 00:22:44
724,Ж,14.08.2008,9.0,Нижегородская область,11.09.2023 02:54:09
725,М,29.10.2008,8.0,Город Москва,01.09.2023 04:50:53
726,Ж,30.03.2008,9.0,Город Санкт-Петербург,26.08.2023 07:17:40
727,М,01.07.2009,,Краснодарский край,07.09.2023 02:02:54
728,М,01.05.2009,8.0,Город Санкт-Петербург,26.08.2023 10:49:06
729,М,20.02.2007,10.0,Город Москва,30.08.2023 23:27:38
730,М,15.07.2008,9.0,Город Москва,14.08.2023 08:05:18
731,Ж,26.03.2010,7.0,Город Москва,23.08.2023 01:06:30
732,М,14.04.2008,9.0,Город Москва,02.09.2023 17:22:02
733,Ж,21.07.2007,10.0,Новосибирская область,24.08.2023 06:08:57
734,М,03.01.2009,8.0,Город Москва,04.09.2023 19:34:59
735,Ж,10.08.2010,7.0,Новосибирская область,18.08.2023 09:45:30
736,М,08.06.2009,8.0,Город Москва,26.08.2023 07:14:33
737,М,15.01.2010,7.0,Город Москва,10.09.2023 21:33:12
738,Ж,13.01.2007,10.0,Нижегородская область,12.09.2023 11:19:03
739,М,05.06.2009,8.0,Город Москва,03.09.2023 20:00:01
740,Ж,30.05.2007,10.0,Город Москва,07.09.2023 04:56:50
741,Ж,11.04.2009,8.0,Новосибирская область,01.09.2023 16:50:05
742,Ж,12.08.2010,7.0,Новосибирская область,07.09.2023 21:44:56
743,М,24.02.2008,9.0,Нижегородская область,15.08.2023 06:54:32
744,М,12.11.2007,9.0,Город Москва,25.08.2023 18:30:29
745,М,27.08.2010,7.0,Город Москва,26.08.2023 01:49:43
746,М,19.11.2009,,Город Москва,17.08.2023 21:36:30
747,М,03.05.2009,,Город Санкт-Петербург,25.08.2023 04:03:09
748,Ж,20.01.2007,10.0,Город Москва,20.08.2023 21:39:12
749,М,22.05.2010,7.0,Нижегородская область,31.08.2023 03:56:04
750,М,20.06.2007,10.0,Нижегородская область,14.08.2023 07:20:45
751,М,06.02.2007,10.0,Новосибирская область,03.09.2023 14:15:58
752,Ж,14.06.2009,8.0,Город Москва,23.08.2023 03:37:14
753,Ж,07.10.2006,10.0,Город Москва,22.08.2023 13:57:12
754,Ж,23.03.2010,7.0,Город Москва,10.09.2023 06:59:48
755,М,03.11.2009,7.0,Краснодарский край,20.08.2023 10:05:19
756,М,10.08.2010,,Краснодарский край,17.08.2023 23:10:00
757,М,08.04.2010,7.0,Город Москва,12.09.2023 04:18:34
758,Ж,13.09.2007,9.0,Город Санкт-Петербург,14.08.2023 12:20:40
759,М,10.09.2010,7.0,Новосибирская область,21.08.2023 05:19:07
760,Ж,21.11.2007,9.0,Краснодарский край,14.08.2023 17:07:36
761,Ж,16.02.2007,10.0,Город Москва,14.08.2023 23:07:43
762,Ж,04.06.2009,8.0,Город Санкт-Петербург,04.09.2023 22:16:09
763,Ж,21.05.2007,10.0,Город Санкт-Петербург,25.08.2023 07:02:32
764,Ж,21.05.2009,8.0,Город Москва,23.08.2023 22:48:28
765,М,28.04.2008,9.0,Нижегородская область,06.09.2023 16:37:13
766,Ж,10.01.2007,10.0,Город Санкт-Петербург,24.08.2023 22:14:03
767,М,03.06.2008,,Город Москва,15.08.2023 02:22:34
768,Ж,19.07.2009,,Новосибирская область,05.09.2023 09:09:51
769,Ж,21.05.2009,8.0,Город Москва,17.08.2023 16:52:40
770,Ж,02.12.2007,9.0,Город Санкт-Петербург,05.09.2023 02:20:20
771,Ж,25.12.2007,9.0,Краснодарский край,10.09.2023 03:35:21
772,М,09.11.2009,7.0,Краснодарский край,24.08.2023 03:22:34
773,М,07.05.2009,8.0,Город Москва,04.09.2023 09:30:11
774,Ж,29.07.2007,10.0,Город Санкт-Петербург,03.09.2023 17:13:15
775,Ж,10.01.2009,8.0,Краснодарский край,14.08.2023 00:04:38
776,Ж,29.03.2010,7.0,Город Москва,05.09.2023 07:53:53
777,Ж,25.10.2009,7.0,Город Санкт-Петербург,08.09.2023 18:06:15
778,М,17.09.2007,9.0,Краснодарский край,23.08.2023 04:12:15
779,М,15.04.2007,,Краснодарский край,02.09.2023 20:51:11
780,Ж,01.02.2008,9.0,Город Москва,07.09.2023 08:10:42
781,М,06.10.2009,7.0,Краснодарский край,27.08.2023 23:14:26
782,М,09.06.2008,,Город Москва,03.09.2023 16:40:31
783,Ж,20.02.2010,7.0,Город Москва,27.08.2023 04:35:08
784,М,12.09.2007,,Новосибирская область,29.08.2023 21:07:57
785,М,12.04.2008,9.0,Город Санкт-Петербург,06.09.2023 04:11:58
786,М,23.03.2007,10.0,Краснодарский край,12.09.2023 03:16:09
787,М,13.08.2009,8.0,Нижегородская область,22.08.2023 03:21:04
788,Ж,05.08.2009,8.0,Город Москва,01.09.2023 01:38:13
789,Ж,19.04.2010,7.0,Нижегородская область,06.09.2023 01:57:11
790,Ж,28.01.2007,10.0,Город Москва,21.08.2023 23:22:52
791,М,02.02.2010,,Город Москва,30.08.2023 20:49:12
792,М,30.08.2010,,Краснодарский край,26.08.2023 03:21:34
793,М,26.08.2007,10.0,Город Санкт-Петербург,20.08.2023 15:24:21
794,Ж,15.06.2010,,Город Москва,20.08.2023 01:17:34
795,М,01.12.2009,7.0,Краснодарский край,23.08.2023 06:31:52
796,Ж,16.01.2009,8.0,Краснодарский край,17.08.2023 05:43:59
797,Ж,25.07.2008,9.0,Краснодарский край,14.08.2023 05:53:23
798,М,10.10.2006,10.0,Город Москва,29.08.2023 11:16:30
799,М,09.06.2009,8.0,Нижегородская область,15.08.2023 15:02:47
800,Ж,09.04.2008,9.0,Город Москва,16.08.2023 18:25:32
801,М,08.04.2007,10.0,Город Москва,22.08.2023 21:56:56
802,М,21.04.2009,8.0,Город Москва,19.08.2023 11:24:55
803,М,02.03.2009,8.0,Новосибирская область,25.08.2023 03:39:55
804,М,18.10.2009,7.0,Город Москва,14.08.2023 13:24:09
805,М,19.11.2006,10.0,Город Санкт-Петербург,14.08.2023 15:53:02
806,Ж,23.05.2008,,Город Санкт-Петербург,24.08.2023 17:31:06
807,М,11.10.2009,7.0,Город Санкт-Петербург,09.09.2023 10:42:54
808,М,14.01.2007,10.0,Город Москва,29.08.2023 23:29:45
809,Ж,03.12.2009,,Город Москва,05.09.2023 09:36:25
810,М,16.02.2007,10.0,Город Москва,14.08.2023 18:33:30
811,М,30.04.2009,8.0,Краснодарский край,16.08.2023 08:39:10
812,М,29.03.2008,9.0,Город Москва,21.08.2023 12:00:06
813,М,15.03.2010,7.0,Нижегородская область,12.09.2023 15:19:18
814,Ж,23.11.2007,9.0,Город Москва,08.09.2023 14:27:32
815,Ж,07.09.2010,7.0,Город Москва,30.08.2023 20:28:59
816,М,29.04.2008,9.0,Город Санкт-Петербург,21.08.2023 01:24:32
817,Ж,29.06.2009,8.0,Город Москва,06.09.2023 15:02:44
818,М,24.05.2009,8.0,Город Санкт-Петербург,25.08.2023 21:08:14
819,Ж,04.02.2010,7.0,Нижегородская область,11.09.2023 08:54:30
820,М,23.09.2007,9.0,Город Москва,20.08.2023 05:52:55
821,Ж,29.05.2009,8.0,Новосибирская область,02.09.2023 07:34:52
822,Ж,01.11.2008,,Город Санкт-Петербург,12.09.2023 05:37:59
823,Ж,21.10.2008,8.0,Город Москва,08.09.2023 15:20:07
824,Ж,03.03.2008,9.0,Город Санкт-Петербург,02.09.2023 10:21:44
825,Ж,02.03.2008,9.0,Город Москва,09.09.2023 15:17:26
826,Ж,02.09.2009,8.0,Город Санкт-Петербург,05.09.2023 21:50:59
827,М,19.10.2006,10.0,Город Москва,03.09.2023 05:17:05
828,М,12.03.2010,7.0,Город Санкт-Петербург,19.08.2023 10:41:17
829,М,11.03.2008,9.0,Краснодарский край,01.09.2023 01:18:36
830,Ж,31.03.2009,8.0,Новосибирская область,07.09.2023 00:02:17
831,М,03.09.2009,8.0,Город Санкт-Петербург,27.08.2023 12:14:54
832,М,23.05.2009,8.0,Город Санкт-Петербург,21.08.2023 01:30:43
833,Ж,30.05.2009,8.0,Город Москва,09.09.2023 04:43:28
834,М,16.11.2007,9.0,Город Москва,10.09.2023 14:05:35
835,М,30.09.2009,,Город Москва,20.08.2023 00:01:04
836,Ж,28.08.2010,7.0,Нижегородская область,25.08.2023 00:57:42
837,Ж,26.01.2007,,Город Москва,31.08.2023 14:13:48
838,Ж,04.12.2006,10.0,Город Москва,02.09.2023 13:02:14
839,Ж,29.01.2007,10.0,Краснодарский край,29.08.2023 07:17:57
840,Ж,16.07.2008,,Новосибирская область,02.09.2023 18:33:55
841,Ж,02.11.2008,8.0,Город Москва,21.08.2023 20:32:51
842,Ж,12.02.2007,,Город Санкт-Петербург,22.08.2023 11:39:33
843,М,26.10.2008,8.0,Город Москва,08.09.2023 20:37:55
844,М,14.07.2010,7.0,Город Санкт-Петербург,06.09.2023 08:53:34
845,Ж,30.01.2009,8.0,Город Санкт-Петербург,31.08.2023 19:46:34
846,Ж,31.10.2007,9.0,Город Санкт-Петербург,16.08.2023 20:39:00
847,Ж,26.12.2008,,Город Санкт-Петербург,18.08.2023 08:05:10
848,М,07.12.2007,9.0,Новосибирская область,28.08.2023 17:35:32
849,Ж,31.07.2009,8.0,Нижегородская область,01.09.2023 09:16:21
850,Ж,24.03.2008,9.0,Город Москва,25.08.2023 19:40:01
851,Ж,17.08.2007,10.0,Город Москва,18.08.2023 00:23:28
852,М,10.10.2008,8.0,Город Санкт-Петербург,19.08.2023 20:50:08
853,Ж,30.05.2009,8.0,Нижегородская область,12.09.2023 02:33:52
854,Ж,27.02.2009,8.0,Нижегородская область,12.09.2023 14:03:05
855,Ж,16.05.2010,7.0,Город Москва,02.09.2023 04:48:16
856,М,09.08.2009,8.0,Город Санкт-Петербург,11.09.2023 23:32:10
857,М,29.06.2010,,Новосибирская область,24.08.2023 15:14:33
858,М,16.05.2009,8.0,Город Москва,14.08.2023 00:51:46
859,М,07.08.2007,10.0,Город Москва,23.08.2023 23:39:08
860,М,12.10.2007,9.0,Город Москва,30.08.2023 15:27:16
861,Ж,05.08.2007,10.0,Город Санкт-Петербург,23.08.2023 18:22:03
862,М,04.12.2006,10.0,Нижегородская область,22.08.2023 07:39:57
863,Ж,15.02.2010,,Краснодарский край,02.09.2023 06:09:24
864,Ж,26.02.2008,,Город Санкт-Петербург,08.09.2023 19:36:30
865,Ж,08.03.2008,9.0,Новосибирская область,02.09.2023 17:47:34
866,Ж,29.06.2008,9.0,Нижегородская область,24.08.2023 15:29:28
867,Ж,06.02.2009,8.0,Город Москва,20.08.2023 09:45:21
868,М,02.07.2008,9.0,Город Москва,31.08.2023 14:50:44
869,М,01.04.2007,10.0,Город Санкт-Петербург,09.09.2023 18:35:47
870,М,20.09.2008,8.0,Нижегородская область,16.08.2023 11:09:37
871,М,12.02.2008,9.0,Город Санкт-Петербург,25.08.2023 05:11:28
872,М,28.03.2007,10.0,Город Москва,25.08.2023 20:01:53
873,Ж,13.03.2009,8.0,Нижегородская область,14.08.2023 19:12:30
874,М,02.11.2008,,Город Москва,29.08.2023 14:17:55
875,М,11.05.2007,10.0,Город Москва,05.09.2023 16:04:25
876,М,03.09.2009,8.0,Город Санкт-Петербург,15.08.2023 09:52:28
877,Ж,30.12.2009,,Краснодарский край,09.09.2023 15:22:05
878,М,01.05.2010,7.0,Город Санкт-Петербург,09.09.2023 10:06:55
879,Ж,07.12.2007,,Нижегородская область,07.09.2023 03:53:43
880,М,06.10.2008,8.0,Город Санкт-Петербург,22.08.2023 17:19:27
881,Ж,15.04.2007,10.0,Краснодарский край,10.09.2023 03:53:01
882,Ж,17.09.2006,10.0,Город Москва,10.09.2023 13:39:16
883,М,03.04.2008,9.0,Город Москва,24.08.2023 16:39:06
884,Ж,05.05.2007,,Город Москва,28.08.2023 00:36:15
885,Ж,22.08.2007,10.0,Город Санкт-Петербург,28.08.2023 06:25:53
886,Ж,20.01.2009,8.0,Краснодарский край,18.08.2023 05:10:54
887,Ж,20.07.2007,,Новосибирская область,18.08.2023 08:26:49
888,М,05.07.2010,7.0,Город Москва,19.08.2023 22:32:43
889,Ж,02.02.2010,7.0,Новосибирская область,27.08.2023 09:06:07
890,М,26.04.2008,9.0,Город Санкт-Петербург,07.09.2023 08:33:29
891,Ж,07.08.2007,10.0,Город Санкт-Петербург,30.08.2023 03:36:47
892,Ж,09.12.2006,10.0,Город Москва,03.09.2023 15:32:26
893,М,16.10.2008,8.0,Город Москва,28.08.2023 16:00:37
894,Ж,10.01.2009,8.0,Краснодарский край,20.08.2023 06:48:22
895,М,05.06.2010,,Город Москва,21.08.2023 22:14:27
896,Ж,25.09.2007,9.0,Город Москва,29.08.2023 20:24:07
897,Ж,17.11.2006,10.0,Город Москва,08.09.2023 11:56:58
898,М,24.10.2006,10.0,Краснодарский край,27.08.2023 01:36:15
899,Ж,05.09.2007,10.0,Город Санкт-Петербург,16.08.2023 16:49:53
900,М,26.12.2008,8.0,Город Санкт-Петербург,20.08.2023 08:36:29
901,Ж,20.05.2010,7.0,Новосибирская область,15.08.2023 23:31:08
902,Ж,19.05.2009,8.0,Город Санкт-Петербург,24.08.2023 11:30:35
903,М,24.04.2008,9.0,Нижегородская область,19.08.2023 08:09:32
904,М,04.08.2010,7.0,Город Москва,23.08.2023 21:38:34
905,М,23.07.2007,10.0,Город Москва,17.08.2023 22:55:44
906,М,13.08.2007,10.0,Новосибирская область,31.08.2023 05:30:56
907,М,09.07.2010,,Город Москва,11.09.2023 10:44:35
908,Ж,16.12.2009,7.0,Краснодарский край,24.08.2023 07:10:25
909,М,21.02.2008,9.0,Нижегородская область,17.08.2023 22:10:29
910,М,12.12.2008,8.0,Город Москва,04.09.2023 19:55:09
911,Ж,27.03.2010,7.0,Город Москва,24.08.2023 07:24:20
912,Ж,20.10.2007,9.0,Город Москва,28.08.2023 12:36:56
913,Ж,25.07.2007,10.0,Город Санкт-Петербург,29.08.2023 14:25:33
914,Ж,16.06.2008,,Город Москва,11.09.2023 05:09:00
915,М,21.11.2008,8.0,Новосибирская область,27.08.2023 15:39:58
916,Ж,01.03.2008,,Город Санкт-Петербург,18.08.2023 13:13:51
917,Ж,02.03.2007,10.0,Город Москва,20.08.2023 03:54:00
918,Ж,21.09.2008,,Город Москва,27.08.2023 00:01:20
919,Ж,19.08.2010,7.0,Нижегородская область,26.08.2023 20:37:46
920,М,21.02.2007,10.0,Город Москва,21.08.2023 12:45:28
921,Ж,19.03.2009,,Город Москва,04.09.2023 04:50:26
922,М,30.11.2009,7.0,Краснодарский край,19.08.2023 00:26:45
923,Ж,30.12.2006,10.0,Город Москва,06.09.2023 23:13:53
924,М,24.10.2009,,Город Москва,05.09.2023 05:10:18
925,М,12.05.2007,10.0,Город Москва,02.09.2023 06:06:34
926,Ж,10.10.2007,9.0,Город Санкт-Петербург,20.08.2023 07:16:23
927,М,24.06.2010,7.0,Город Москва,01.09.2023 02:24:45
928,Ж,27.07.2010,,Город Москва,25.08.2023 06:39:34
929,М,04.12.2009,7.0,Город Санкт-Петербург,06.09.2023 03:38:58
930,М,17.06.2008,9.0,Город Москва,26.08.2023 20:03:12
931,Ж,29.08.2008,9.0,Город Москва,08.09.2023 07:57:44
932,Ж,23.04.2009,8.0,Нижегородская область,12.09.2023 10:52:32
933,М,28.06.2009,8.0,Город Москва,03.09.2023 23:03:11
934,М,19.03.2010,7.0,Город Москва,21.08.2023 08:10:48
935,М,25.09.2008,8.0,Нижегородская область,03.09.2023 13:04:58
936,М,20.08.2008,9.0,Город Москва,21.08.2023 06:53:35
937,М,30.12.2006,10.0,Город Санкт-Петербург,04.09.2023 14:29:28
938,Ж,21.11.2007,9.0,Город Москва,28.08.2023 14:10:15
939,Ж,19.05.2009,8.0,Краснодарский край,20.08.2023 03:42:14
940,Ж,05.03.2007,10.0,Новосибирская область,05.09.2023 18:58:26
941,Ж,24.04.2010,7.0,Нижегородская область,22.08.2023 19:04:02
942,Ж,31.07.2009,8.0,Город Санкт-Петербург,29.08.2023 19:27:48
943,М,18.03.2009,8.0,Краснодарский край,03.09.2023 08:14:19
944,М,28.07.2009,,Город Москва,27.08.2023 01:35:55
945,Ж,30.10.2007,9.0,Город Москва,19.08.2023 09:38:01
946,М,26.01.2008,9.0,Новосибирская область,06.09.2023 13:03:43
947,Ж,12.01.2009,8.0,Город Москва,04.09.2023 09:36:58
948,М,20.02.2009,8.0,Город Санкт-Петербург,04.09.2023 06:57:13
949,Ж,15.06.2010,7.0,Город Москва,22.08.2023 03:40:02
950,Ж,29.04.2009,,Город Москва,04.09.2023 13:33:05
951,М,12.03.2008,9.0,Город Санкт-Петербург,18.08.2023 07:02:48
952,М,25.04.2008,9.0,Краснодарский край,25.08.2023 00:59:45
953,Ж,10.08.2010,7.0,Город Москва,21.08.2023 20:07:57
954,Ж,03.02.2010,7.0,Город Москва,24.08.2023 22:11:30
955,М,04.08.2008,9.0,Город Москва,01.09.2023 17:48:05
956,Ж,27.03.2010,7.0,Город Москва,15.08.2023 00:30:52
957,М,19.09.2007,9.0,Город Санкт-Петербург,16.08.2023 15:29:13
958,Ж,10.04.2008,,Новосибирская область,03.09.2023 16:06:18
959,М,14.05.2008,9.0,Краснодарский край,05.09.2023 05:37:12
960,Ж,22.07.2010,7.0,Краснодарский край,07.09.2023 22:52:21
961,М,23.11.2007,9.0,Город Москва,26.08.2023 15:58:45
962,М,15.01.2009,8.0,Город Москва,07.09.2023 19:12:37
963,М,26.05.2007,,Город Москва,27.08.2023 04:57:51
964,М,03.11.2008,8.0,Город Санкт-Петербург,28.08.2023 09:48:31
965,М,07.04.2008,,Город Санкт-Петербург,08.09.2023 20:50:41
966,М,16.02.2007,10.0,Новосибирская область,15.08.2023 13:24:16
967,М,14.08.2010,7.0,Город Санкт-Петербург,24.08.2023 02:33:03
968,М,25.10.2007,,Нижегородская область,05.09.2023 22:09:23
969,Ж,31.10.2006,10.0,Город Москва,22.08.2023 05:22:33
970,М,29.09.2008,8.0,Город Москва,16.08.2023 09:01:28
971,М,15.04.2008,9.0,Город Санкт-Петербург,20.08.2023 12:34:59
972,Ж,16.05.2010,7.0,Город Санкт-Петербург,15.08.2023 14:04:04
973,Ж,26.08.2010,7.0,Город Москва,16.08.2023 07:41:33
974,Ж,17.08.2010,7.0,Краснодарский край,23.08.2023 14:10:14
975,Ж,19.10.2007,9.0,Нижегородская область,14.08.2023 07:53:27
976,Ж,22.08.2009,8.0,Город Санкт-Петербург,15.08.2023 01:41:42
977,Ж,24.10.2006,10.0,Нижегородская область,02.09.2023 08:52:12
978,Ж,23.02.2008,9.0,Город Москва,21.08.2023 04:04:45
979,М,18.10.2007,9.0,Город Санкт-Петербург,22.08.2023 21:56:41
980,Ж,10.02.2010,,Город Москва,16.08.2023 19:41:34
981,М,10.01.2007,10.0,Краснодарский край,23.08.2023 00:30:30
982,Ж,26.07.2009,8.0,Город Санкт-Петербург,08.09.2023 22:22:13
983,Ж,12.02.2007,10.0,Город Санкт-Петербург,09.09.2023 03:38:37
984,Ж,01.07.2009,,Город Москва,06.09.2023 12:20:47
985,М,17.05.2010,7.0,Город Москва,12.09.2023 15:36:59
986,М,08.06.2008,9.0,Город Санкт-Петербург,14.08.2023 09:35:16
987,Ж,01.03.2008,9.0,Город Москва,04.09.2023 08:42:15
988,Ж,19.10.2007,,Город Москва,16.08.2023 04:38:43
989,Ж,18.10.2007,9.0,Краснодарский край,22.08.2023 18:27:25
990,М,07.03.2008,9.0,Краснодарский край,24.08.2023 09:58:23
991,М,25.11.2009,7.0,Город Москва,02.09.2023 02:22:24
992,Ж,21.10.2006,10.0,Город Москва,21.08.2023 16:29:25
993,М,01.07.2009,8.0,Город Москва,18.08.2023 01:34:07
994,М,16.01.2009,8.0,Город Москва,11.09.2023 16:23:41
995,М,22.12.2007,9.0,Город Санкт-Петербург,19.08.2023 01:38:19
996,Ж,30.09.2008,8.0,Новосибирская область,22.08.2023 00:17:00
997,М,03.04.2007,10.0,Город Санкт-Петербург,19.08.2023 00:44:00
998,Ж,21.10.2007,9.0,Новосибирская область,07.09.2023 09:22:31
999,Ж,11.04.2008,9.0,Город Москва,05.09.2023 21:35:30
1000,Ж,20.03.2010,7.0,Город Москва,05.09.2023 04:20:50
